,,C,cv_pr_auc,max_depth,min_samples_leaf,max_features,learning_rate,n_estimators,min_child_weight
lr,0,0.003,0.7087816749838263,,,,,,
lr,1,0.01,0.70601855083965,,,,,,
lr,2,0.03,0.7052679428550742,,,,,,
lr,3,0.1,0.7034437242671058,,,,,,
lr,4,0.3,0.7022481303453271,,,,,,
lr,5,1.0,0.7020482786336845,,,,,,
lr,6,3.0,0.7020148120492364,,,,,,
rf,0,,0.7410179750947185,8.0,10.0,sqrt,,,
rf,1,,0.7407095985465951,8.0,60.0,0.5,,,
rf,2,,0.7379077353917967,8.0,30.0,sqrt,,,
rf,3,,0.7354142221613175,8.0,60.0,sqrt,,,
rf,4,,0.7348867804138175,8.0,30.0,0.5,,,
rf,5,,0.7346321373646717,8.0,10.0,0.5,,,
rf,6,,0.7320634998846143,4.0,10.0,sqrt,,,
rf,7,,0.7291335799060171,4.0,30.0,sqrt,,,
rf,8,,0.7285022300105997,4.0,60.0,sqrt,,,
rf,9,,0.7281492477709541,4.0,30.0,0.5,,,
rf,10,,0.7280285457384905,4.0,10.0,0.5,,,
rf,11,,0.7271291394707005,4.0,60.0,0.5,,,
xgb,0,,0.7431503440520242,3.0,,,0.03,150.0,5.0
xgb,1,,0.74246464261889,2.0,,,0.08,150.0,20.0
xgb,2,,0.7408039127649392,4.0,,,0.08,150.0,20.0
xgb,3,,0.7403936058639204,4.0,,,0.03,150.0,20.0
xgb,4,,0.740238693183881,4.0,,,0.03,150.0,5.0
xgb,5,,0.7397270197482055,4.0,,,0.03,300.0,5.0
xgb,6,,0.7396556512406631,3.0,,,0.03,300.0,5.0
xgb,7,,0.7382855698460338,4.0,,,0.03,300.0,20.0
xgb,8,,0.7378965899605555,3.0,,,0.03,150.0,20.0
xgb,9,,0.7373410396894461,3.0,,,0.03,300.0,20.0
xgb,10,,0.737039156546368,2.0,,,0.03,300.0,5.0
xgb,11,,0.7355502281329258,2.0,,,0.03,300.0,20.0
xgb,12,,0.7351848367574833,3.0,,,0.08,150.0,20.0
xgb,13,,0.7343604713002776,2.0,,,0.03,150.0,5.0
xgb,14,,0.7337363285998123,2.0,,,0.08,150.0,5.0
xgb,15,,0.7314291342488466,4.0,,,0.08,300.0,20.0
xgb,16,,0.7309069206674148,2.0,,,0.08,300.0,20.0
xgb,17,,0.7294721241922528,3.0,,,0.08,150.0,5.0
xgb,18,,0.7288688359001704,2.0,,,0.03,150.0,20.0
xgb,19,,0.7231046997586951,3.0,,,0.08,300.0,20.0
xgb,20,,0.7207268553424383,2.0,,,0.08,300.0,5.0
xgb,21,,0.7190465712966301,4.0,,,0.08,150.0,5.0
xgb,22,,0.7169599752037367,3.0,,,0.08,300.0,5.0
xgb,23,,0.7048005873027884,4.0,,,0.08,300.0,5.0
